<?xml version="1.0" encoding="UTF-8"?>
<skin version="1.0.9">
	<title xml:lang="ko">Rhymix Markdown Editor</title>
	<description xml:lang="ko">Rhymix Markdown Editor</description>
	<version>1.0.9</version>
	<date>2022-06-23</date>
	<colorset>
		<color name="none">
			<title xml:lang="ko">기본 색상</title>
		</color>
		<color name="light">
			<title xml:lang="ko">Light</title>
		</color>
		<color name="dark">
			<title xml:lang="ko">Dark</title>
		</color>
	</colorset>
</skin>
